{
    "run0": {
        "fitness": [
            9.999999999999998,
            4.200000000000001,
            4.125,
            3.75,
            3.6000000000000005,
            3.3333333333333335,
            2.7000000000000006,
            2.454545454545454,
            2.454545454545454,
            2.357142857142857,
            2.3076923076923075,
            2.1428571428571432,
            2.0,
            1.894736842105263,
            1.8461538461538463,
            1.8461538461538463,
            1.7142857142857142,
            1.5,
            1.4400000000000004,
            1.4210526315789473
        ],
        "novelty": 0.9836328917257087
    },
    "run1": {
        "fitness": [
            13.5,
            4.2857142857142865,
            3.8999999999999995,
            3.0,
            3.0,
            2.769230769230769,
            2.6666666666666665,
            2.4,
            2.3333333333333335,
            2.25,
            2.1176470588235294,
            2.0625,
            1.909090909090909,
            1.875,
            1.8461538461538463,
            1.8461538461538463,
            1.8000000000000003,
            1.6874999999999998,
            1.588235294117647,
            1.5
        ],
        "novelty": 0.9819578325704882
    },
    "run2": {
        "fitness": [
            15.0,
            7.0,
            6.0,
            5.500000000000001,
            4.2857142857142865,
            3.0,
            3.0,
            2.727272727272727,
            2.6666666666666665,
            2.5714285714285716,
            2.25,
            2.25,
            2.181818181818182,
            2.1428571428571432,
            1.8000000000000003,
            1.6666666666666667,
            1.6,
            1.5,
            1.4285714285714284,
            1.3333333333333333
        ],
        "novelty": 0.981459043106332
    },
    "run3": {
        "fitness": [
            12.75,
            6.75,
            5.499999999999999,
            4.200000000000001,
            4.200000000000001,
            4.0,
            3.3333333333333335,
            2.6999999999999997,
            2.4,
            2.4,
            2.4,
            2.25,
            2.181818181818182,
            2.076923076923077,
            2.0,
            2.0,
            1.875,
            1.7500000000000004,
            1.7142857142857142,
            1.6363636363636362
        ],
        "novelty": 0.9813626378113921
    },
    "run4": {
        "fitness": [
            12.0,
            8.0,
            7.0,
            6.0,
            5.625,
            5.0,
            4.714285714285714,
            4.666666666666667,
            4.0,
            3.857142857142857,
            3.500000000000001,
            2.727272727272727,
            2.2941176470588234,
            2.1000000000000005,
            1.9285714285714286,
            1.6875,
            1.65,
            1.6,
            1.6,
            1.4285714285714284
        ],
        "novelty": 0.9814545391456938
    },
    "run5": {
        "fitness": [
            11.000000000000002,
            4.5,
            3.0,
            2.625,
            2.4,
            2.3076923076923075,
            2.25,
            2.181818181818182,
            2.076923076923077,
            2.0,
            1.956521739130435,
            1.8000000000000003,
            1.7647058823529411,
            1.6,
            1.5789473684210524,
            1.5,
            1.5,
            1.4444444444444446,
            1.4285714285714284,
            1.4117647058823528
        ],
        "novelty": 0.9834554536405934
    },
    "run6": {
        "fitness": [
            11.000000000000002,
            6.5,
            6.0,
            4.0,
            3.857142857142857,
            3.75,
            3.375,
            2.6470588235294117,
            2.625,
            2.4374999999999996,
            2.076923076923077,
            2.0,
            2.0,
            2.0,
            1.7142857142857142,
            1.6875,
            1.65,
            1.588235294117647,
            1.56,
            1.5
        ],
        "novelty": 0.9816807980769207
    },
    "run7": {
        "fitness": [
            14.0,
            6.857142857142857,
            6.0,
            4.5,
            3.4285714285714284,
            3.4285714285714284,
            3.3,
            2.8235294117647056,
            2.3333333333333335,
            2.1428571428571423,
            2.0526315789473686,
            1.875,
            1.875,
            1.8000000000000003,
            1.6956521739130435,
            1.5,
            1.5,
            1.4210526315789473,
            1.4210526315789473,
            1.3333333333333333
        ],
        "novelty": 0.9826159788311349
    },
    "run8": {
        "fitness": [
            11.000000000000002,
            4.285714285714285,
            3.857142857142857,
            3.666666666666667,
            3.25,
            3.0,
            2.6666666666666665,
            2.5,
            2.4999999999999996,
            2.4999999999999996,
            2.357142857142857,
            2.357142857142857,
            2.25,
            2.052631578947368,
            2.0000000000000004,
            1.8571428571428572,
            1.7368421052631577,
            1.6875,
            1.6363636363636362,
            1.3043478260869565
        ],
        "novelty": 0.9834952417828742
    },
    "run9": {
        "fitness": [
            13.0,
            8.0,
            6.6,
            6.0,
            4.999999999999999,
            3.4285714285714284,
            3.0,
            2.6999999999999997,
            2.625,
            2.5,
            2.357142857142857,
            2.3333333333333335,
            2.181818181818182,
            2.1000000000000005,
            2.1000000000000005,
            2.076923076923077,
            2.076923076923077,
            2.0,
            1.8000000000000003,
            1.7368421052631582
        ],
        "novelty": 0.9823369559149925
    }
}