{
    "run0": {
        "fitness": [
            219.78174593052046,
            219.43860018001288,
            218.46803743153572,
            212.12489168102806,
            212.02438661763972,
            211.78174593052046,
            211.09545442950525,
            210.71067811865498,
            210.3675323681474,
            210.36753236814732,
            210.26702730475898,
            210.02438661763972,
            209.43860018001286,
            208.95331880577427,
            208.95331880577424,
            208.71067811865498,
            208.6101730552666,
            207.53910524340114,
            207.43860018001283,
            207.19595949289356,
            207.0954544295052,
            206.61017305526667,
            205.5391052434012,
            205.19595949289356,
            205.19595949289356,
            204.95331880577427,
            204.71067811865498,
            204.46803743153572,
            204.26702730475898,
            204.26702730475898
        ],
        "novelty": 0.6300346295938601
    },
    "run1": {
        "fitness": [
            198.2670273047589,
            198.16652224137064,
            194.75230867899757,
            192.75230867899757,
            192.26702730475898,
            191.68124086713203,
            191.5391052434009,
            190.40916292848996,
            189.58073580374375,
            188.9949493661168,
            188.61017305526653,
            188.40916292849,
            188.40916292849,
            188.40916292848993,
            188.16652224137067,
            188.16652224137064,
            187.82337649086307,
            187.82337649086304,
            187.68124086713198,
            187.58073580374378,
            187.58073580374375,
            187.58073580374375,
            187.58073580374372,
            187.33809511662443,
            187.23759005323615,
            187.09545442950514,
            186.99494936611688,
            186.99494936611686,
            186.99494936611683,
            186.99494936611677
        ],
        "novelty": 0.6362273092864893
    },
    "run2": {
        "fitness": [
            196.12489168102798,
            192.7106781186548,
            192.0243866176397,
            191.4386001800128,
            190.0243866176396,
            189.78174593052032,
            189.58073580374375,
            189.1959594928934,
            188.95331880577407,
            188.50966799187825,
            188.50966799187822,
            188.36753236814718,
            188.02438661763955,
            187.88225099390863,
            187.7817459305203,
            187.68124086713203,
            187.5807358037437,
            187.53910524340102,
            187.1959594928934,
            187.19595949289334,
            187.09545442950508,
            186.95331880577407,
            186.75230867899748,
            186.75230867899748,
            186.71067811865484,
            186.50966799187833,
            186.46803743153555,
            185.9238815542513,
            185.88225099390866,
            185.78174593052034
        ],
        "novelty": 0.6200400000107398
    },
    "run3": {
        "fitness": [
            194.3675323681473,
            190.95331880577416,
            190.36753236814732,
            190.02438661763964,
            187.19595949289345,
            187.19595949289345,
            186.3675323681473,
            184.9533188057742,
            184.7106781186548,
            184.3675323681473,
            184.12489168102798,
            183.53910524340108,
            182.6101730552665,
            181.88225099390866,
            181.53910524340108,
            181.53910524340108,
            181.19595949289337,
            180.71067811865487,
            180.36753236814727,
            180.36753236814727,
            180.36753236814724,
            180.36753236814724,
            180.12489168102798,
            180.12489168102798,
            180.12489168102798,
            180.12489168102798,
            179.53910524340105,
            179.0538238691625,
            179.05382386916244,
            178.95331880577416
        ],
        "novelty": 0.731846559767078
    },
    "run4": {
        "fitness": [
            211.09545442950514,
            209.43860018001277,
            209.4386001800127,
            206.5096679918782,
            205.3380951166244,
            205.3380951166244,
            203.9238815542513,
            203.4386001800127,
            202.02438661763964,
            202.02438661763964,
            200.95331880577413,
            200.85281374238582,
            200.85281374238582,
            199.681240867132,
            198.85281374238582,
            198.40916292849,
            198.36753236814724,
            198.2670273047589,
            198.02438661763966,
            197.53910524340105,
            197.3380951166244,
            196.95331880577416,
            196.6101730552665,
            196.3675323681473,
            196.36753236814724,
            196.0243866176396,
            195.4386001800127,
            195.3380951166244,
            194.85281374238582,
            194.26702730475887
        ],
        "novelty": 0.5864322137842553
    },
    "run5": {
        "fitness": [
            199.58073580374372,
            198.85281374238585,
            198.50966799187833,
            198.40916292848993,
            198.36753236814718,
            196.26702730475904,
            196.267027304759,
            196.0660171779823,
            196.02438661763952,
            196.02438661763952,
            195.92388155425135,
            195.78174593052026,
            195.33809511662446,
            194.95331880577407,
            194.61017305526647,
            194.61017305526644,
            194.4091629284899,
            193.7817459305204,
            192.85281374238582,
            192.8111831820431,
            192.75230867899748,
            192.71067811865476,
            192.32590180780454,
            192.1665222413706,
            192.12489168102786,
            191.78174593052023,
            191.74011537017765,
            191.0954544295051,
            190.99494936611688,
            190.95331880577405
        ],
        "novelty": 0.6942909647821135
    },
    "run6": {
        "fitness": [
            210.50966799187836,
            207.68124086713206,
            205.92388155425132,
            204.50966799187836,
            204.36753236814738,
            203.9238815542514,
            203.43860018001277,
            202.99494936611694,
            202.26702730475907,
            201.58073580374383,
            201.33809511662454,
            201.09545442950522,
            201.0954544295052,
            200.85281374238596,
            200.85281374238593,
            200.7523086789975,
            200.40916292849005,
            200.36753236814735,
            200.2670273047591,
            200.02438661763978,
            199.78174593052054,
            199.68124086713217,
            199.68124086713206,
            199.33809511662446,
            199.19595949289356,
            199.09545442950514,
            198.852813742386,
            198.8528137423859,
            198.85281374238585,
            198.75230867899762
        ],
        "novelty": 0.6737934402734885
    },