{
    "run0": {
        "fitness": [
            0.9692534248329296,
            0.4617726350780632,
            0.38878728717849564,
            0.3845633250325631,
            0.37672708361897433,
            0.30283113450985266,
            0.2952213046751565,
            0.24623014041651325,
            0.2376951853904561,
            0.20102842995467785,
            0.13561077429779722,
            0.12481246657987644,
            0.11711884014373186,
            0.11228710632359551,
            0.08895140527870726,
            0.02638687720710864,
            0.026373525070028325,
            0.02637115982991345,
            0.02636284284767132,
            -0.0
        ],
        "novelty": 0.9611515978002042
    },
    "run1": {
        "fitness": [
            0.7578621696524219,
            0.739433141408588,
            0.7271878805692512,
            0.7052587129134662,
            0.5501732629573346,
            0.32863127895968325,
            0.3015857619946627,
            0.23228417163048642,
            0.22475055655756226,
            0.21899203541979873,
            0.18992389516021035,
            0.18055286146218918,
            0.15830969957609997,
            0.15620010936538342,
            0.14714285710382602,
            0.07369309833171189,
            0.06683497874436739,
            0.02775372731975856,
            0.02644733705589264,
            0.026378458598642407
        ],
        "novelty": 0.9577809158656433
    },
    "run2": {
        "fitness": [
            0.8680113319921969,
            0.8373254588059574,
            0.8011132567435442,
            0.7372194628152862,
            0.7289865307101712,
            0.6100287547932817,
            0.36389627226110477,
            0.3614651939519826,
            0.2826088360645185,
            0.2794697926396079,
            0.24499492896210684,
            0.23853978651837282,
            0.08037061498914266,
            0.07426046750556825,
            0.04318014367288314,
            0.033925565919066814,
            0.026588259920971136,
            0.026398211003420657,
            0.02638231911537492,
            -0.0
        ],
        "novelty": 0.9515705096864666
    },
    "run3": {
        "fitness": [
            0.9719473921154109,
            0.7110469932112553,
            0.5620027380543471,
            0.5098691327360887,
            0.46929947463527777,
            0.43866832277658474,
            0.31268035564764574,
            0.29927093369729896,
            0.22573009560108503,
            0.2152604862597025,
            0.20814014974402573,
            0.18587293442933595,
            0.17149561415305103,
            0.09773500394079515,
            0.0973113317174702,
            0.07060068656223273,
            0.04287553896092111,
            0.026582449899554272,
            0.026387927489643248,
            0.02637865064908529
        ],
        "novelty": 0.9490162604762568
    },
    "run4": {
        "fitness": [
            0.9697746351807605,
            0.9693361692534402,
            0.9352460015143238,
            0.6810882602823378,
            0.6360493534943726,
            0.5525555774560706,
            0.5310952245167363,
            0.5129758042829712,
            0.43030222336477886,
            0.3911611966656189,
            0.3890343919303182,
            0.1763736155684582,
            0.11809543366891595,
            0.11541291175538038,
            0.06189633805868333,
            0.05475486892297654,
            0.02681708691251794,
            0.026753135821656504,
            0.026522151432302743,
            0.026434336159508076
        ],
        "novelty": 0.945008290213398
    },
    "run5": {
        "fitness": [
            0.9718014165252659,
            0.9515428359094551,
            0.7756184142856748,
            0.6270106239303472,
            0.5265746573455228,
            0.4534390861553871,
            0.4501718040924876,
            0.43538426403497565,
            0.2850642295705297,
            0.2769669971505089,
            0.2624490367396517,
            0.253709423240045,
            0.17741653018954906,
            0.15690156148800527,
            0.14456907553133513,
            0.0340685161263552,
            0.026382407534725316,
            0.026345178316173223,
            0.02634290864629807,
            0.02634153850932419
        ],
        "novelty": 0.9577046342287047
    }
}