{
    "run0": {
        "fitness": [
            0.9721083423096751,
            0.9710635132429998,
            0.739997386225907,
            0.7338550838873139,
            0.7246059447766663,
            0.724488459891302,
            0.7203097333734243,
            0.7187498649589811,
            0.7085167623739713,
            0.6709835776430476,
            0.6628519938223054,
            0.6555984921643809,
            0.6305221884101413,
            0.6240820937302887,
            0.5926043986678508,
            0.5921198690245366,
            0.5831296906769554,
            0.5748100220930744,
            0.5662268214722286,
            0.563094898944196
        ],
        "novelty": 0.8457653878855189
    },
    "run1": {
        "fitness": [
            0.9735463785877284,
            0.9706788660478285,
            0.9640465535391403,
            0.9605191399662445,
            0.957133690533183,
            0.9557574589423029,
            0.9325556343413284,
            0.92053554119753,
            0.8972179809829961,
            0.8079715097399112,
            0.759414232667246,
            0.7423493984909436,
            0.6629948950635203,
            0.644390802591928,
            0.6371559233163948,
            0.6282624556197802,
            0.6021445095697052,
            0.5510120727613226,
            0.5343847341781427,
            0.4998909400960412
        ],
        "novelty": 0.855078418743279
    },
    "run2": {
        "fitness": [
            0.9735188112616152,
            0.9679238449076404,
            0.9476005422407568,
            0.889518927867366,
            0.8871415018876478,
            0.8587600365514106,
            0.8532954731466138,
            0.8282805681871116,
            0.819265577021323,
            0.8129283896365023,
            0.8065332380171362,
            0.7634850738083109,
            0.752321508811572,
            0.7500006953606719,
            0.7496074944166689,
            0.7459428121273397,
            0.7356304723936886,
            0.7207235726217589,
            0.7185872280169505,
            0.7115144402300408
        ],
        "novelty": 0.738883616551933
    },
    "run3": {
        "fitness": [
            0.9751231718044526,
            0.9719538209304422,
            0.9693630261493147,
            0.9232369276350438,
            0.9182950538229054,
            0.8384370507384302,
            0.8070595517337646,
            0.8010689017904185,
            0.7909993339191747,
            0.7831764183325358,
            0.7664542300748586,
            0.7614718656614241,
            0.7351635379586194,
            0.7066651701576709,
            0.6972990374274513,
            0.6950672715030647,
            0.6922741463315105,
            0.6789282888596686,
            0.6781445680264241,
            0.6738339013669965
        ],
        "novelty": 0.8031777991296363
    },
    "run4": {
        "fitness": [
            0.9735654958572884,
            0.9707818248588312,
            0.9661167758945947,
            0.9651635674021855,
            0.9636674252464517,
            0.8578984006745163,
            0.8204094441335589,
            0.8203966934474798,
            0.8203459489909022,
            0.8202492837045251,
            0.820232384853075,
            0.8198768718184244,
            0.7951501383621326,
            0.7617941233081761,
            0.7247571495322711,
            0.705410770860456,
            0.70000875100097,
            0.6903663665574591,
            0.6831685038577484,
            0.6724711812819201
        ],
        "novelty": 0.7737648713489161
    },
    "run5": {
        "fitness": [
            0.97323431779292,
            0.9631098601663559,
            0.937261979299608,
            0.9371244456318211,
            0.7929789976789287,
            0.7703954149561218,
            0.740070338285907,
            0.726795371016097,
            0.7065961831161676,
            0.7065704792380922,
            0.7063067758586732,
            0.7062649157723436,
            0.7008106502410429,
            0.6928841287161471,
            0.6737086696757077,
            0.6571675479530593,
            0.6509307472942978,
            0.6289548685149791,
            0.5903233626987394,
            0.5580847196078861
        ],
        "novelty": 0.852154564426948
    },
    "run6": {
        "fitness": [
            0.9777911957927305,
            0.974080383706756,
            0.9728497133689825,
            0.9711103253663645,
            0.9678126048769804,
            0.9669385148460734,
            0.9660932550210025,
            0.9659492700555928,
            0.9658299108228272,
            0.9657390429820825,
            0.9637873355471999,
            0.9628986007208971,
            0.9627704253452268,
            0.9620763675585673,
            0.9607139338738011,
            0.9300944203357274,
            0.9026807862197775,
            0.8897885266264294,
            0.8500710023933877,
            0.8483466598680488
        ],
        "novelty": 0.7157495203280069
    },
    "run7": {
        "fitness": [
            0.9803752894659593,
            0.9760272081567362,
            0.9710857670880367,
            0.9551338810047084,
            0.9520724130940339,
            0.8452192017238963,
            0.7546380310485113,
            0.7052849025075436,
            0.6968889433721943,
            0.6651515020203458,
            0.6633235705924734,
            0.6624507378910338,
            0.6554146444752262,
            0.6528957532239972,
            0.6525543302649517,
            0.6387367289831993,
            0.6331663391365772,
            0.6091037635985528,
            0.5837989319698289,
            0.5617636614651922
        ],
        "novelty": 0.8789202893700642
    },
    "run8": {
        "fitness": [
            0.9786670693724308,
            0.9777453976050887,
            0.9757288706136854,
            0.970560986871241,
            0.9689224909356854,
            0.965473562305255,
            0.9542514715449012,
            0.9452047256848122,
            0.8435559206767713,
            0.8245939584728165,
            0.8223750744369046,
            0.8199898614165119,
            0.7615359116386846,
            0.7506262875950254,
            0.745805439335347,
            0.7417005948533402,
            0.7357909643618206,
            0.7093389229397438,
            0.708845728217004,
            0.7060850121264488
        ],
        "novelty": 0.8174178835187493
    },
    "run9": {
        "fitness": [
            0.9746912662953741,
            0.9735296556847566,
            0.9703750040993617,
            0.9700486172262205,
            0.9687340377333019,
            0.9687113687628922,
            0.9685501237584437,
            0.9678249864526772,
            0.9675068300088511,
            0.9663633412680686,
            0.966107919236095,
            0.9649455349791402,
            0.9648611350045868,
            0.9647139425458657,
            0.9168426798900218,
            0.9132929015433673,
            0.8515468892314084,
            0.7615804439410621,
            0.7613971256896945,
            0.7497240518396814
        ],
        "novelty": 0.7635879322345052
    },
    "run10": {
        "fitness": [
            0.9603598295979856,
            0.959145979200413,
            0.9516995379858137,
            0.8522367052520973,
            0.8399183753968542,
            0.8171689821552152,
            0.8147677856304147,
            0.7722288779186977,
            0.7713192209428139,
            0.768072964834392,
            0.7606408042261601,
            0.7558451280594393,
            0.7298462086533046,
            0.7294279550358294,
            0.7259204913636322,
            0.725060475624709,
            0.721600793709869,
            0.7164591989695983,
            0.6946432639862332,
            0.6940731146773365
        ],
        "novelty": 0.8272896652575238
    }
}