{
    "run0": {
        "fitness": [
            -2.4999999999999996,
            -2.0,
            -1.9411764705882353,
            -3.0,
            -3.6923076923076925,
            -2.25,
            -1.7999999999999998,
            -9.0,
            -2.04,
            -3.818181818181818,
            -4.666666666666667,
            -1.5,
            -4.0,
            -3.0,
            -7.200000000000001,
            -3.545454545454545,
            -6.0,
            -2.6999999999999997,
            -3.2727272727272725,
            -3.272727272727273,
            -1.6363636363636365,
            -4.666666666666667,
            -1.3333333333333333,
            -2.4999999999999996,
            -3.0,
            -2.5,
            -3.999999999999999,
            -3.75,
            -3.4999999999999996,
            -10.2
        ],
        "times": [
            2.8920834064483643,
            2.5496604442596436,
            1.8318428993225098,
            1.5833756923675537,
            1.5732553005218506,
            1.4508466720581055,
            3.1469600200653076,
            1.4814362525939941,
            1.689129114151001,
            2.792415142059326,
            1.3196933269500732,
            1.6347088813781738,
            1.556253433227539,
            1.2823724746704102,
            1.6101891994476318,
            1.610656976699829,
            2.6360576152801514,
            1.4617667198181152,
            1.6179101467132568,
            4.186339855194092,
            1.4191699028015137,
            3.2035348415374756,
            4.625896215438843,
            1.4528319835662842,
            1.8188300132751465,
            1.3382813930511475,
            1.5414824485778809,
            1.2498111724853516,
            1.5385386943817139,
            1.466552495956421
        ],
        "novelty": 0.9444329213303346
    },
    "run1": {
        "fitness": [
            -4.5,
            -2.307692307692308,
            -2.625,
            -2.3076923076923075,
            -2.181818181818182,
            -4.2857142857142865,
            -4.333333333333334,
            -3.75,
            -3.75,
            -2.3333333333333335,
            -3.1875,
            -2.1999999999999997,
            -2.2,
            -2.11764705882353,
            -1.6153846153846154,
            -2.5,
            -2.625,
            -2.7500000000000004,
            -1.25,
            -2.4,
            -1.9500000000000002,
            -1.9285714285714286,
            -6.6,
            -8.25,
            -3.0,
            -1.5,
            -1.588235294117647,
            -2.357142857142857,
            -1.4482758620689657,
            -2.25
        ],
        "times": [
            1.3060250282287598,
            1.387746810913086,
            1.361726999282837,
            1.5716910362243652,
            1.5162699222564697,
            1.6690495014190674,
            1.6176121234893799,
            1.4977812767028809,
            1.6346640586853027,
            1.66162109375,
            3.5994515419006348,
            1.4083340167999268,
            1.594444990158081,
            1.6612765789031982,
            1.4697482585906982,
            2.7597596645355225,
            1.4987225532531738,
            3.017577648162842,
            1.6768677234649658,
            1.385127305984497,
            2.895646572113037,
            1.4115996360778809,
            1.3437702655792236,
            1.6098136901855469,
            2.6228086948394775,
            1.3563940525054932,
            2.517061710357666,
            1.2784929275512695,
            1.7013881206512451,
            1.9224052429199219
        ],
        "novelty": 0.9477542338659727
    },
    "run2": {
        "fitness": [
            -2.25,
            -5.181818181818182,
            -8.142857142857144,
            -1.7142857142857142,
            -1.7142857142857142,
            -2.3076923076923075,
            -3.6000000000000005,
            -7.000000000000002,
            -1.5,
            -3.545454545454545,
            -4.200000000000001,
            -5.666666666666666,
            -7.0,
            -3.3333333333333335,
            -3.2727272727272725,
            -1.1666666666666667,
            -1.090909090909091,
            -2.4999999999999996,
            -4.714285714285714,
            -2.3076923076923075,
            -3.9000000000000004,
            -1.5714285714285714,
            -3.5,
            -3.3,
            -4.8,
            -1.1538461538461537,
            -2.0,
            -2.3076923076923075,
            -4.909090909090909,
            -1.7142857142857142
        ],
        "times": [
            1.4965953826904297,
            1.5194532871246338,
            2.9809274673461914,
            2.0650951862335205,
            1.5968835353851318,
            3.21140193939209,
            1.3360381126403809,
            2.8023836612701416,
            1.5428969860076904,
            1.667304515838623,
            1.7335028648376465,
            1.5942730903625488,
            1.6639761924743652,
            1.6818983554840088,
            1.6331231594085693,
            2.7479660511016846,
            4.418001651763916,
            1.4816052913665771,
            1.3838984966278076,
            1.168375015258789,
            1.5120949745178223,
            6.478315114974976,
            1.4226112365722656,
            1.6246302127838135,
            1.3375849723815918,
            1.7806406021118164,
            4.4901111125946045,
            1.788545846939087,
            1.5282301902770996,
            1.6334035396575928
        ],
        "novelty": 0.9479341226622384
    },
    "run3": {
        "fitness": [
            -1.588235294117647,
            -3.0,
            -3.666666666666667,
            -2.7142857142857144,
            -1.6153846153846154,
            -6.0,
            -8.142857142857144,
            -6.5,
            -4.5,
            -1.3333333333333333,
            -1.6875,
            -7.5,
            -1.75,
            -3.0,
            -1.2499999999999998,
            -4.5,
            -2.1,
            -1.25,
            -2.217391304347826,
            -1.8000000000000003,
            -2.1999999999999997,
            -3.4615384615384612,
            -3.8999999999999995,
            -3.375,
            -4.090909090909091,
            -6.0,
            -3.4,
            -3.3333333333333335,
            -5.3999999999999995,
            -9.6
        ],
        "times": [
            1.6573631763458252,
            1.4136662483215332,
            1.4464433193206787,
            1.346435785293579,
            1.824765920639038,
            2.635906219482422,
            1.4382102489471436,
            1.4930670261383057,
            1.5318899154663086,
            1.3818209171295166,
            1.3664295673370361,
            1.7244393825531006,
            5.1302478313446045,
            1.2528305053710938,
            1.4975988864898682,
            1.3366756439208984,
            1.6850509643554688,
            1.8868377208709717,
            1.7855651378631592,
            1.5575830936431885,
            2.874596118927002,
            2.6310360431671143,
            1.5330657958984375,
            1.7291626930236816,
            2.708329200744629,
            1.3903448581695557,
            1.29441499710083,
            1.7940711975097656,
            1.5573663711547852,
            4.670897483825684
        ],
        "novelty": 0.9495410638589082
    },