{
    "run0": {
        "fitness": [
            2.181818181818182,
            3.0,
            7.5,
            15.0,
            12.0,
            6.0,
            14.0,
            13.0,
            9.0,
            15.0,
            6.0,
            3.0,
            2.4999999999999996,
            14.0,
            11.25,
            9.0,
            6.6,
            3.375,
            5.333333333333333,
            3.0
        ],
        "novelty": 0.9174582267932392
    },
    "run1": {
        "fitness": [
            14.25,
            6.0,
            9.999999999999998,
            5.57142857142857,
            13.0,
            11.000000000000002,
            14.0,
            6.0,
            9.999999999999998,
            9.749999999999998,
            3.0,
            3.818181818181819,
            11.000000000000002,
            13.0,
            4.0,
            6.0,
            9.999999999999998,
            9.6,
            8.25,
            13.0
        ],
        "novelty": 0.9065711794312749
    },
    "run2": {
        "fitness": [
            3.6000000000000005,
            4.5,
            13.0,
            14.0,
            15.0,
            17.000000000000004,
            2.6,
            4.200000000000001,
            3.666666666666667,
            8.0,
            8.5,
            5.499999999999999,
            12.0,
            14.0,
            13.0,
            15.0,
            2.1,
            2.076923076923077,
            2.181818181818182,
            4.874999999999999
        ],
        "novelty": 0.9294909414366527
    },
    "run3": {
        "fitness": [
            14.0,
            13.0,
            11.000000000000002,
            2.2941176470588234,
            16.0,
            12.0,
            6.0,
            2.6666666666666665,
            4.2857142857142865,
            11.000000000000002,
            2.25,
            15.0,
            12.0,
            6.0,
            3.4,
            4.2857142857142865,
            2.3684210526315788,
            8.0,
            9.0,
            9.999999999999998
        ],
        "novelty": 0.9053575883253707
    },
    "run4": {
        "fitness": [
            9.0,
            15.0,
            8.0,
            3.0,
            16.0,
            7.714285714285714,
            9.0,
            8.5,
            10.799999999999999,
            8.0,
            15.0,
            2.0625,
            7.5,
            9.0,
            7.799999999999999,
            12.0,
            11.000000000000002,
            2.6,
            6.0,
            7.0
        ],
        "novelty": 0.9162438072978132
    },
    "run5": {
        "fitness": [
            16.0,
            12.0,
            7.200000000000001,
            8.25,
            9.999999999999998,
            14.0,
            3.0,
            9.0,
            15.0,
            12.0,
            3.2,
            8.25,
            6.6,
            7.0,
            4.666666666666667,
            7.200000000000001,
            2.2,
            3.0,
            9.0,
            12.0
        ],
        "novelty": 0.9199467984312931
    },
    "run6": {
        "fitness": [
            3.666666666666667,
            19.999999999999996,
            2.6842105263157894,
            4.0,
            11.000000000000002,
            16.0,
            2.4999999999999996,
            8.400000000000002,
            6.0,
            8.500000000000002,
            9.6,
            10.5,
            2.4,
            8.25,
            8.0,
            8.400000000000002,
            2.6666666666666665,
            9.0,
            7.125,
            3.0
        ],
        "novelty": 0.9139066636960884
    },
    "run7": {
        "fitness": [
            8.0,
            13.5,
            16.0,
            9.999999999999998,
            3.0,
            7.0,
            11.25,
            13.0,
            8.0,
            3.0,
            6.857142857142857,
            4.874999999999999,
            4.666666666666667,
            3.857142857142857,
            9.999999999999998,
            12.0,
            8.0,
            2.7500000000000004,
            5.625,
            6.0
        ],
        "novelty": 0.9276177788211704
    },
    "run8": {
        "fitness": [
            3.2307692307692313,
            8.0,
            12.0,
            11.000000000000002,
            15.0,
            9.999999999999998,
            2.076923076923077,
            4.999999999999999,
            7.0,
            10.5,
            11.000000000000002,
            9.999999999999998,
            4.0,
            6.0,
            7.0,
            4.714285714285714,
            11.000000000000002,
            8.400000000000002,
            9.999999999999998,
            2.25
        ],
        "novelty": 0.9159370731259263
    },
    "run9": {
        "fitness": [
            6.6,
            9.0,
            16.0,
            3.4285714285714284,
            13.0,
            4.999999999999999,
            6.75,
            8.0,
            7.0,
            14.0,
            3.0,
            2.4,
            9.0,
            4.5,
            3.4285714285714284,
            6.0,
            8.0,
            7.0,
            12.0,
            9.749999999999998
        ],
        "novelty": 0.9364924951128835
    }
}