{
    "run0": {
        "fitness": [
            -1.875,
            -1.7142857142857142,
            -2.6666666666666665,
            -1.6,
            -2.25,
            -2.454545454545454,
            -2.2941176470588234,
            -2.2,
            -3.375,
            -2.076923076923077,
            -2.3076923076923075,
            -2.181818181818182,
            -2.25,
            -6.0,
            -4.0,
            -1.8000000000000003,
            -2.8235294117647056,
            -1.588235294117647,
            -2.0,
            -2.181818181818182,
            -2.727272727272727,
            -3.0,
            -1.3333333333333333,
            -2.3571428571428577,
            -1.9565217391304346,
            -2.0625,
            -3.857142857142857,
            -1.909090909090909,
            -1.2272727272727273,
            -2.727272727272727
        ],
        "times": [
            3.001723527908325,
            0.9591028690338135,
            5.23177695274353,
            1.0633859634399414,
            2.658632516860962,
            5.1559882164001465,
            3.305846691131592,
            7.581526517868042,
            2.232004404067993,
            2.313345193862915,
            1.1856675148010254,
            1.0032670497894287,
            2.1439523696899414,
            1.2818992137908936,
            3.1040449142456055,
            3.912505626678467,
            1.1088900566101074,
            3.0760397911071777,
            2.7155275344848633,
            2.300475597381592,
            1.891815423965454,
            1.3233649730682373,
            1.1319448947906494,
            1.1219723224639893,
            1.3722944259643555,
            3.5097455978393555,
            10.804861068725586,
            2.2093799114227295,
            12.494321823120117,
            1.406888723373413
        ],
        "novelty": 0.9827892438697161
    },
    "run1": {
        "fitness": [
            -2.571428571428571,
            -1.4210526315789473,
            -3.6000000000000005,
            -8.0,
            -1.5,
            -1.7368421052631577,
            -1.3636363636363635,
            -7.200000000000001,
            -5.0,
            -1.3125,
            -2.5714285714285716,
            -1.7142857142857142,
            -3.0,
            -1.6956521739130435,
            -1.3749999999999998,
            -4.2857142857142865,
            -2.3333333333333335,
            -1.2352941176470589,
            -4.999999999999999,
            -2.0,
            -1.4117647058823528,
            -2.7500000000000004,
            -3.0,
            -2.1428571428571432,
            -6.428571428571429,
            -1.8461538461538463,
            -4.200000000000001,
            -3.0,
            -1.9285714285714286,
            -3.0
        ],
        "times": [
            11.993361711502075,
            2.8594892024993896,
            6.579325914382935,
            1.1072659492492676,
            4.341941595077515,
            0.89327073097229,
            1.3203010559082031,
            4.210989475250244,
            3.578857421875,
            1.0236659049987793,
            2.3886382579803467,
            5.535207986831665,
            5.041594505310059,
            1.9100208282470703,
            1.115342140197754,
            4.264053821563721,
            0.7425897121429443,
            1.2161040306091309,
            1.5555381774902344,
            1.2974536418914795,
            1.0260694026947021,
            2.062234878540039,
            8.05553412437439,
            1.1750438213348389,
            3.716543674468994,
            4.889104127883911,
            0.8153536319732666,
            2.372464656829834,
            2.4621758460998535,
            1.080878496170044
        ],
        "novelty": 0.9813009131980818
    },
    "run2": {
        "fitness": [
            -1.4285714285714284,
            -1.8461538461538463,
            -5.142857142857143,
            -3.1875,
            -2.4,
            -9.749999999999998,
            -1.7999999999999996,
            -2.1428571428571432,
            -1.7999999999999998,
            -4.200000000000001,
            -2.6666666666666665,
            -1.6875,
            -1.6666666666666667,
            -1.6,
            -2.3333333333333335,
            -2.625,
            -2.0,
            -1.7142857142857142,
            -2.1000000000000005,
            -3.0,
            -4.999999999999999,
            -1.5,
            -1.833333333333333,
            -6.0,
            -3.0,
            -2.181818181818182,
            -3.666666666666667,
            -1.6,
            -1.173913043478261,
            -2.0
        ],
        "times": [
            2.004281997680664,
            1.2227861881256104,
            0.9693913459777832,
            3.2719979286193848,
            6.822812557220459,
            5.448419094085693,
            1.0728282928466797,
            5.340313911437988,
            1.6414787769317627,
            7.00663685798645,
            3.2345826625823975,
            2.602693557739258,
            2.567368268966675,
            1.1621971130371094,
            8.3633451461792,
            1.07778000831604,
            0.8531448841094971,
            0.9988818168640137,
            2.19148325920105,
            4.057771444320679,
            1.2578012943267822,
            3.4610257148742676,
            2.2507269382476807,
            1.9866299629211426,
            7.906998634338379,
            1.027395248413086,
            12.841659545898438,
            2.009319543838501,
            2.4648048877716064,
            0.8232028484344482
        ],
        "novelty": 0.9827664837929069
    },
    "run3": {
        "fitness": [
            -2.076923076923077,
            -1.8461538461538463,
            -3.857142857142857,
            -2.1428571428571432,
            -1.5,
            -3.857142857142857,
            -4.0,
            -1.9285714285714286,
            -2.625,
            -1.909090909090909,
            -2.4,
            -1.909090909090909,
            -2.1428571428571432,
            -1.4210526315789473,
            -1.588235294117647,
            -2.181818181818182,
            -1.2,
            -1.2352941176470587,
            -1.6666666666666667,
            -3.375,
            -2.076923076923077,
            -3.75,
            -3.0,
            -2.4999999999999996,
            -2.6999999999999997,
            -4.200000000000001,
            -5.500000000000001,
            -2.769230769230769,
            -2.1428571428571432,
            -8.0
        ],
        "times": [
            1.609903335571289,
            4.274942874908447,
            1.8389272689819336,
            1.222292423248291,
            1.0077688694000244,
            0.9026310443878174,
            1.0350940227508545,
            2.9223034381866455,
            10.131380558013916,
            1.0920872688293457,
            9.952893495559692,
            3.3021962642669678,
            1.7555930614471436,
            5.096178770065308,
            2.7669265270233154,
            0.9804692268371582,
            2.579270601272583,
            4.5162193775177,
            3.415801763534546,
            0.8082418441772461,
            1.0723872184753418,
            1.0882689952850342,
            1.0615019798278809,
            4.8456854820251465,
            1.632521390914917,
            4.68789005279541,
            1.5221142768859863,
            1.8528239727020264,
            6.206015586853027,
            2.4443345069885254
        ],
        "novelty": 0.9817768378887589
    },