{
    "run0": {
        "fitness": [
            0.9809344655679442,
            0.9757942573405418,
            0.9756614019775899,
            0.9748318494542381,
            0.9747965733406836,
            0.9747460106429654,
            0.9741782253516413,
            0.973129829473437,
            0.9730334752898459,
            0.9725212783296755,
            0.9719460969305693,
            0.9711844817507783,
            0.971068646132087,
            0.9705837091458209,
            0.9705788570052035,
            0.9705093670614373,
            0.9704796687405127,
            0.9703592956991953,
            0.9703475641680255,
            0.9701313181689225
        ],
        "novelty": 0.5468332198038264
    },
    "run1": {
        "fitness": [
            0.9755073608232004,
            0.9749338714255977,
            0.9727810138997813,
            0.9715088193074093,
            0.9690576987684804,
            0.9622083313871728,
            0.9607680517636483,
            0.9569815073653526,
            0.9339456121789906,
            0.9322205699229194,
            0.9015337375661703,
            0.8692355487623995,
            0.8649983084081712,
            0.8299917368902547,
            0.7791790316118449,
            0.7579847148742545,
            0.7500167594330449,
            0.7476183071084386,
            0.7426717020436261,
            0.7354056816417889
        ],
        "novelty": 0.655927975609318
    },
    "run2": {
        "fitness": [
            0.9701750928748951,
            0.9692338893328557,
            0.9685461739892692,
            0.9654393260431412,
            0.9625675918971576,
            0.9609927575849418,
            0.9602147106652462,
            0.9601462242376254,
            0.9485866327102644,
            0.8930049343176556,
            0.8910421869543279,
            0.8763174493862949,
            0.8728684799767762,
            0.8518455356930834,
            0.8420295744650041,
            0.8378527523136794,
            0.8206970156822434,
            0.8205936831367654,
            0.8142034440458599,
            0.8111650903853271
        ],
        "novelty": 0.6846679296581897
    },
    "run3": {
        "fitness": [
            0.9779854862063998,
            0.9726263022951966,
            0.9724454163482973,
            0.9721323068453662,
            0.9719924522525869,
            0.9695039364300795,
            0.968838848500485,
            0.9680356638015488,
            0.967448060121262,
            0.9663255073619388,
            0.965733948709773,
            0.9649838805790897,
            0.964715181478797,
            0.9644313129620168,
            0.963777600145829,
            0.9630192024501135,
            0.961581642834781,
            0.9583420671838214,
            0.9558323356820717,
            0.95542636664017
        ],
        "novelty": 0.7588138272589078
    },
    "run4": {
        "fitness": [
            0.9738436278919339,
            0.967857782013895,
            0.9671107894969105,
            0.9650871076313265,
            0.963234728145859,
            0.9592174982604454,
            0.9246409119378053,
            0.9145681408268644,
            0.9118602262672955,
            0.898683907284584,
            0.8756635806201227,
            0.8748603195648625,
            0.873992358602248,
            0.8620051172193588,
            0.826581114639694,
            0.8183795013896491,
            0.817481644613613,
            0.8149375532980511,
            0.8147037935587182,
            0.8089278203963943
        ],
        "novelty": 0.7987359709868901
    },
    "run5": {
        "fitness": [
            0.9944172201055136,
            0.9920588561111389,
            0.9748799068147134,
            0.9717159197109638,
            0.9716543739308172,
            0.9715375012151167,
            0.9684815293710363,
            0.9679881638434841,
            0.9676293193348917,
            0.9676107503700723,
            0.9667157454337375,
            0.9663420600924985,
            0.9659838442083423,
            0.9658384585599172,
            0.962792642131601,
            0.9600935670741555,
            0.9016140571957606,
            0.8676920940676045,
            0.8435263529056497,
            0.8334257059125858
        ],
        "novelty": 0.8244938198261583
    },
    "run6": {
        "fitness": [
            0.9779432756434931,
            0.9743825999726027,
            0.9739635728601708,
            0.9738574002697785,
            0.9735015576007544,
            0.9730325873967421,
            0.9706536754254516,
            0.9705583230418282,
            0.9699802777862642,
            0.9676168326807791,
            0.9655550431357092,
            0.965408141496645,
            0.9637859567842431,
            0.9593610478631089,
            0.954530114779096,
            0.9398131204705233,
            0.909773892240891,
            0.8936670054705651,
            0.7874346683027668,
            0.7688240511295381
        ],
        "novelty": 0.7693913935365206
    },
    "run7": {
        "fitness": [
            0.9817395074595381,
            0.9723021148315841,
            0.9712019512476837,
            0.9703529312163192,
            0.9667011822375448,
            0.9649865291143307,
            0.9637413292882073,
            0.9286941902015335,
            0.9140904041680145,
            0.9072967913212878,
            0.8726373975571626,
            0.8719854276794604,
            0.8688456807253095,
            0.8672753802764748,
            0.8667718525502951,
            0.863654936172203,
            0.8203047720862184,
            0.7993545192439402,
            0.7979795850734799,
            0.794413386786722
        ],
        "novelty": 0.7749534672046506
    },
    "run8": {
        "fitness": [
            0.968280422694947,
            0.9678887300774381,
            0.9593708323127175,
            0.9591267923630818,
            0.9069942328411292,
            0.8912381190234115,
            0.8268139899365816,
            0.8265318648085948,
            0.7944333151491894,
            0.736646509631431,
            0.7103161832667562,
            0.7025449859781994,
            0.6978315248322036,
            0.6816117131228592,
            0.6537799312315358,
            0.6523083866371343,
            0.6516295809594328,
            0.6467525526731752,
            0.6450061356275046,
            0.5655927151182885
        ],
        "novelty": 0.898299943423678
    },
    "run9": {
        "fitness": [
            0.9796328959340435,
            0.9667190223199994,
            0.9620408926571823,
            0.9618769918978106,
            0.9608077185919861,
            0.9594894862483085,
            0.9581289104485976,
            0.9358151171084739,
            0.886796812941738,
            0.8797158544206483,
            0.8731713810450107,
            0.8676381301149501,
            0.8528278396368866,
            0.851160590567695,
            0.842192064848848,
            0.831916843066829,
            0.8257098281913835,
            0.8207732464743887,
            0.8038540632380893,
            0.7943134155213034
        ],
        "novelty": 0.7818480167305761
    }
}