{
    "run0": {
        "fitness": [
            -0.9520792291252929,
            0,
            -0.4565304416373209,
            -0.8239473266110882,
            -0.4737349195796836,
            -0.4843572461187098,
            0,
            0,
            0,
            -0.3514710238343822,
            -0.5479961322605537,
            -0.3421631136935004,
            -0.42598599282920324,
            -0.6364733750434588,
            -0.422181233834106,
            -0.5162766799237665,
            -0.8421041797267568,
            -0.9532221725190367,
            -0.44584222061372103,
            -0.40023056748923524,
            -0.24363127781711547,
            -0.8939138194466424,
            -0.2149445491006945,
            -0.5700215128845276,
            -0.5412753930763416,
            0,
            -0.8169744652678984,
            0,
            -0.9730407589270968,
            -0.9530200493590317
        ],
        "times": [
            0.8916594982147217,
            2.033616542816162,
            1.1835813522338867,
            0.5754125118255615,
            1.1014387607574463,
            1.443530559539795,
            2.728799819946289,
            3.087526321411133,
            3.1553077697753906,
            1.5526323318481445,
            1.4349830150604248,
            1.1605994701385498,
            1.8421595096588135,
            1.2599990367889404,
            2.7651784420013428,
            3.1122050285339355,
            2.002426862716675,
            1.5938918590545654,
            2.049903154373169,
            0.19799447059631348,
            1.6404988765716553,
            0.3571023941040039,
            2.458941698074341,
            1.6071364879608154,
            1.7237143516540527,
            0.8812315464019775,
            1.266446828842163,
            1.2741856575012207,
            3.1697492599487305,
            0.8646335601806641
        ],
        "novelty": 0.9552612603718543
    },
    "run1": {
        "fitness": [
            -0.21675510085464367,
            -0.46649101816250027,
            0,
            -0.7002793369412427,
            -0.18250887341363142,
            -0.39029321635107717,
            -0.3302904549845137,
            -0.36260448330876494,
            -0.39186085363123635,
            -0.2251968118574994,
            -0.7985125417260671,
            -0.7669468641923008,
            0,
            0,
            -0.4331788996566791,
            -0.1373257464423696,
            0,
            -0.2716284644400483,
            -0.5069470170614752,
            -0.21535759082612216,
            -0.4037640734840038,
            -0.40627856621371516,
            -0.32182334422835657,
            -0.7731602347865998,
            -0.2517786293865588,
            0,
            -0.643325688110199,
            0,
            -0.7532400112020985,
            -0.4070626182368805
        ],
        "times": [
            0.8892850875854492,
            0.3105278015136719,
            3.284426212310791,
            2.1251180171966553,
            2.307331085205078,
            2.7146472930908203,
            0.6582086086273193,
            3.146756410598755,
            1.364734411239624,
            2.0054104328155518,
            0.4045073986053467,
            1.5944709777832031,
            0.9267160892486572,
            3.25429630279541,
            0.846721887588501,
            2.4402034282684326,
            1.0678298473358154,
            1.3436481952667236,
            1.6587893962860107,
            2.268876075744629,
            1.6266429424285889,
            2.1245715618133545,
            3.253247022628784,
            0.5553345680236816,
            0.6181614398956299,
            0.6180036067962646,
            1.3897268772125244,
            0.7037646770477295,
            2.7081382274627686,
            3.058302879333496
        ],
        "novelty": 0.9571251088235805
    },
    "run2": {
        "fitness": [
            -0.14350868049572751,
            -0.3811232192177544,
            -0.46080632151953504,
            -0.4341469457338146,
            0,
            0,
            -0.42970372129022627,
            -0.683215357101543,
            -0.1579268603641093,
            -0.026385893662250748,
            -0.4489054422901536,
            0,
            0,
            -0.683056115402631,
            -0.5438398076343671,
            -0.256008704532682,
            -0.8541849248079205,
            -0.6255404846755017,
            -0.5770117500007655,
            -0.6491931692867721,
            -0.2289712804794567,
            -0.8550769050172039,
            -0.972710927603538,
            -0.7144620154046851,
            0,
            0,
            -0.8487921344885734,
            0,
            -0.7065245340887847,
            -0.9020874910083664
        ],
        "times": [
            2.5687150955200195,
            0.43848204612731934,
            0.995758056640625,
            2.1781203746795654,
            2.41186261177063,
            0.9741048812866211,
            0.15012574195861816,
            0.6844124794006348,
            0.269024133682251,
            0.7403819561004639,
            0.47690248489379883,
            2.906157970428467,
            0.0825815200805664,
            0.7820053100585938,
            1.815767765045166,
            0.8293423652648926,
            0.1690354347229004,
            1.3451125621795654,
            3.074092388153076,
            0.8096127510070801,
            2.259108304977417,
            1.8925423622131348,
            2.337965965270996,
            0.1530447006225586,
            0.30863189697265625,
            0.8029079437255859,
            0.35584163665771484,
            0.3330967426300049,
            1.7142255306243896,
            0.12220311164855957
        ],
        "novelty": 0.9529161742201165
    }
}