{
    "run0": {
        "fitness": [
            -0.7988616536118095,
            -0.2015812958524641,
            0,
            -0.37334638249728225,
            -0.40738864272892894,
            -0.5271693628037911,
            -0.9390248269669756,
            -0.6642556970376994,
            -0.32025631679252664,
            0,
            -0.4602017395268819,
            -0.6553109018655026,
            -0.6761467392645917,
            -0.9717923914556703,
            -0.7347445453778181,
            -0.5555823322424929,
            -0.7115339854457611,
            -0.17333901467882684,
            0,
            0,
            -0.864379349209798,
            0,
            0,
            0,
            0,
            -0.25058831437409324,
            -0.5802183894543529,
            -0.10393748515940093,
            0,
            -0.4353484090515919
        ],
        "times": [
            1.0008313655853271,
            0.7181234359741211,
            0.6578259468078613,
            0.6744186878204346,
            0.6943056583404541,
            0.09824132919311523,
            0.41637301445007324,
            0.995159387588501,
            2.808976888656616,
            3.1923861503601074,
            1.2418880462646484,
            2.4849438667297363,
            0.14252257347106934,
            0.13957691192626953,
            0.16720056533813477,
            1.0031180381774902,
            0.09187602996826172,
            0.07130599021911621,
            0.16057729721069336,
            2.6061184406280518,
            1.6230747699737549,
            0.24734282493591309,
            3.1716842651367188,
            0.769874095916748,
            2.863497257232666,
            0.2500121593475342,
            0.41124629974365234,
            0.28455495834350586,
            1.2555477619171143,
            2.819366693496704
        ],
        "novelty": 0.9540300117128793
    }
}