{
    "run0": {
        "fitness": [
            -0.02637183529660314,
            -0.11848969831779965,
            -0.3339930417413195,
            -0.4762732432889236,
            -0.026376462703677883,
            -0.18282826484388015,
            -0.45187098943736603,
            0,
            -0.02637772961549556,
            -0.19296046815950885,
            -0.02643761351758689,
            -0.21067232709469097,
            -0.12650831442646193,
            -0.026400409528710145,
            -0.13897706129728915,
            -0.1449702327167417,
            -0.33136472584765864,
            -0.17111464949066335,
            -0.23182130456370242,
            -0.9733322803108755,
            -0.2468218831403718,
            -0.17380920994966764,
            -0.25068069626158973,
            -0.5437510582261897,
            -0.2109617139433616,
            -0.4263321711284359,
            -0.6943393471574799,
            -0.026372716724459955,
            -0.1059514840411514,
            -0.23313636955460737
        ],
        "times": [
            0.002456188201904297,
            0.020003795623779297,
            0.017485618591308594,
            0.051372528076171875,
            0.023006439208984375,
            0.025011539459228516,
            0.04202866554260254,
            0.011001825332641602,
            0.010001420974731445,
            0.021004915237426758,
            0.017973899841308594,
            0.018001556396484375,
            0.011022806167602539,
            0.02300405502319336,
            0.012515783309936523,
            0.04201984405517578,
            0.025003910064697266,
            0.029006481170654297,
            0.0496368408203125,
            0.03630232810974121,
            0.06398701667785645,
            0.043007612228393555,
            0.007216930389404297,
            0.014020442962646484,
            0.024930953979492188,
            0.029244661331176758,
            0.027004718780517578,
            0.01100468635559082,
            0.029555082321166992,
            0.027191877365112305
        ],
        "novelty": 0.9548588836407205
    }
}