{
    "run0": {
        "fitness": [
            249.15432893255087,
            249.15432893255087,
            249.15432893255087,
            245.15432893255087,
            243.15432893255087,
            237.98275605729702,
            237.15432893255092,
            234.32590180780466,
            233.15432893255092,
            233.15432893255092,
            233.15432893255092,
            233.15432893255092,
            233.15432893255092,
            233.15432893255087,
            233.15432893255087,
            232.32590180780466,
            231.98275605729714,
            231.9827560572971,
            231.98275605729708,
            231.98275605729702,
            231.15432893255087,
            229.98275605729702,
            229.15432893255092,
            229.15432893255087,
            229.15432893255087,
            227.98275605729708,
            227.98275605729705,
            227.7401153701778,
            227.74011537017776,
            227.15432893255092
        ],
        "novelty": 0.6413633155434147
    },
    "run1": {
        "fitness": [
            225.19595949289354,
            222.56854249492395,
            221.0538238691625,
            219.88225099390877,
            219.88225099390877,
            219.29646455628188,
            219.05382386916256,
            218.12489168102806,
            217.88225099390877,
            217.88225099390877,
            217.88225099390877,
            217.29646455628185,
            217.29646455628185,
            217.29646455628185,
            217.29646455628185,
            217.15432893255084,
            216.71067811865493,
            216.71067811865493,
            216.12489168102803,
            215.88225099390877,
            215.88225099390874,
            215.15432893255087,
            215.15432893255084,
            214.61017305526667,
            214.46803743153566,
            213.29646455628182,
            213.15432893255087,
            213.15432893255084,
            212.71067811865493,
            212.12489168102803
        ],
        "novelty": 0.521493751379697
    },
    "run2": {
        "fitness": [
            257.74011537017776,
            251.98275605729705,
            251.88225099390877,
            249.88225099390877,
            249.15432893255087,
            248.56854249492397,
            247.98275605729708,
            247.98275605729708,
            247.98275605729705,
            247.98275605729705,
            247.88225099390877,
            246.56854249492397,
            246.56854249492397,
            245.98275605729705,
            245.1543289325509,
            245.15432893255087,
            243.98275605729708,
            243.88225099390877,
            243.15432893255087,
            241.74011537017776,
            241.49747468305844,
            241.15432893255087,
            241.15432893255087,
            241.15432893255084,
            240.71067811865498,
            240.56854249492397,
            240.22539674441634,
            239.98275605729708,
            239.98275605729705,
            239.98275605729705
        ],
        "novelty": 0.5904021187557563
    },
    "run3": {
        "fitness": [
            246.32590180780466,
            245.1543289325509,
            245.1543289325509,
            245.15432893255087,
            245.15432893255087,
            243.15432893255087,
            243.15432893255087,
            243.15432893255087,
            242.32590180780468,
            241.1543289325509,
            241.15432893255087,
            241.15432893255087,
            241.15432893255087,
            240.91168824543158,
            240.32590180780468,
            240.32590180780468,
            240.32590180780466,
            240.32590180780466,
            240.0832611206854,
            239.1543289325509,
            239.15432893255087,
            238.9116882454316,
            238.0832611206854,
            237.98275605729708,
            237.98275605729708,
            237.49747468305844,
            237.1543289325509,
            237.1543289325509,
            237.15432893255087,
            236.9116882454316
        ],
        "novelty": 0.6184611580787335
    },
    "run4": {
        "fitness": [
            277.98275605729714,
            272.8111831820433,
            268.56854249492403,
            265.98275605729714,
            265.15432893255087,
            264.81118318204335,
            262.8111831820433,
            259.98275605729714,
            258.8111831820433,
            257.98275605729714,
            257.1543289325509,
            255.9827560572971,
            255.98275605729708,
            255.1543289325509,
            255.1543289325509,
            254.3259018078047,
            253.98275605729705,
            253.98275605729705,
            249.49747468305847,
            249.15432893255084,
            248.8111831820433,
            247.98275605729705,
            245.98275605729714,
            245.98275605729702,
            245.1543289325509,
            245.15432893255084,
            245.1543289325508,
            244.32590180780466,
            243.9827560572971,
            243.15432893255084
        ],
        "novelty": 0.5873889159865506
    },
    "run5": {
        "fitness": [
            239.15432893255087,
            229.7401153701777,
            227.7401153701777,
            227.15432893255084,
            226.32590180780463,
            224.3259018078046,
            223.98275605729702,
            223.15432893255084,
            223.15432893255084,
            222.32590180780463,
            222.32590180780463,
            221.74011537017773,
            221.1543289325508,
            220.91168824543152,
            220.9116882454315,
            220.56854249492392,
            220.3259018078046,
            220.3259018078046,
            220.3259018078046,
            220.08326112068534,
            218.91168824543152,
            218.3259018078046,
            218.3259018078046,
            217.1543289325508,
            216.3259018078046,
            216.3259018078046,
            216.3259018078046,
            216.3259018078046,
            214.3259018078046,
            212.3259018078046
        ],
        "novelty": 0.6459344064564239
    },
    "run6": {
        "fitness": [
            244.91168824543155,
            244.32590180780466,
            243.74011537017776,
            243.74011537017776,
            242.32590180780466,
            241.98275605729708,
            241.98275605729708,
            241.98275605729708,
            241.98275605729708,
            241.74011537017776,
            241.74011537017776,
            241.74011537017776,
            239.98275605729708,
            239.98275605729708,
            239.98275605729708,
            239.98275605729708,
            239.98275605729708,
            239.98275605729708,
            239.98275605729708,
            239.98275605729708,
            231.74011537017776,
            229.15432893255095,
            228.9116882454316,
            227.98275605729708,
            227.15432893255087,
            225.98275605729708,
            224.6690475583123,
            223.98275605729708,
            223.49747468305844,
            222.9116882454316
        ],
        "novelty": 0.5729932978082657
    },