{
    "run0": {
        "fitness": [
            5.57142857142857,
            3.8571428571428563,
            13.0,
            2.0000000000000004,
            11.000000000000002,
            5.499999999999999,
            3.0,
            2.4999999999999996,
            2.454545454545454,
            3.0,
            12.0,
            9.999999999999998,
            7.200000000000001,
            11.000000000000002,
            4.5,
            4.0,
            2.25,
            2.3076923076923075,
            2.357142857142857,
            3.0
        ],
        "novelty": 0.9129803167480355
    },
    "run1": {
        "fitness": [
            4.8,
            12.0,
            7.0,
            9.0,
            2.6666666666666665,
            3.0,
            12.0,
            11.000000000000002,
            4.8,
            6.0,
            8.0,
            7.200000000000001,
            12.0,
            4.285714285714285,
            4.8,
            8.0,
            5.0,
            7.0,
            11.000000000000002,
            2.727272727272727
        ],
        "novelty": 0.9278972183336468
    },
    "run2": {
        "fitness": [
            6.0,
            4.874999999999999,
            12.0,
            9.0,
            6.0,
            4.8,
            9.999999999999998,
            12.0,
            6.75,
            7.5,
            5.500000000000001,
            5.57142857142857,
            6.0,
            4.5,
            3.500000000000001,
            9.999999999999998,
            9.0,
            11.000000000000002,
            7.0,
            4.999999999999999
        ],
        "novelty": 0.9303802356250878
    },
    "run3": {
        "fitness": [
            11.25,
            3.0,
            2.4999999999999996,
            12.0,
            4.5,
            2.5714285714285716,
            7.200000000000001,
            7.5,
            11.000000000000002,
            2.4,
            4.5,
            2.7499999999999996,
            6.0,
            6.6,
            9.0,
            11.000000000000002,
            2.3333333333333335,
            3.545454545454545,
            4.5,
            5.500000000000001
        ],
        "novelty": 0.9290084817701292
    },
    "run4": {
        "fitness": [
            4.8,
            9.999999999999998,
            8.0,
            7.0,
            4.200000000000001,
            9.0,
            8.0,
            5.500000000000001,
            6.0,
            5.3999999999999995,
            2.571428571428571,
            3.6000000000000005,
            9.0,
            6.75,
            8.0,
            6.6,
            5.500000000000001,
            6.0,
            5.25,
            4.125
        ],
        "novelty": 0.9273177547921385
    },
    "run5": {
        "fitness": [
            2.4999999999999996,
            14.0,
            12.0,
            13.0,
            7.200000000000001,
            3.0,
            6.0,
            16.0,
            14.0,
            9.0,
            12.0,
            13.0,
            2.625,
            3.666666666666667,
            3.75,
            6.0,
            5.142857142857142,
            5.3999999999999995,
            4.125,
            16.0
        ],
        "novelty": 0.918792562838296
    },
    "run6": {
        "fitness": [
            2.8,
            7.0,
            14.0,
            9.0,
            13.0,
            6.0,
            11.000000000000002,
            12.0,
            11.25,
            13.0,
            3.0,
            5.499999999999999,
            5.25,
            8.0,
            12.0,
            11.25,
            3.500000000000001,
            4.714285714285714,
            3.4285714285714284,
            4.999999999999999
        ],
        "novelty": 0.912772844775157
    },
    "run7": {
        "fitness": [
            8.400000000000002,
            2.4,
            13.0,
            7.714285714285713,
            2.5999999999999996,
            14.0,
            9.0,
            5.25,
            5.3999999999999995,
            2.1428571428571432,
            2.0,
            9.749999999999998,
            8.25,
            9.0,
            7.200000000000001,
            4.333333333333334,
            2.4,
            3.666666666666666,
            4.5,
            5.3999999999999995
        ],
        "novelty": 0.9302005736703914
    },
    "run8": {
        "fitness": [
            2.625,
            9.999999999999998,
            15.0,
            11.000000000000002,
            12.0,
            4.5,
            9.999999999999998,
            3.9000000000000004,
            7.0,
            5.25,
            13.0,
            9.0,
            9.999999999999998,
            8.0,
            3.0,
            3.6000000000000005,
            7.0,
            6.75,
            4.0,
            9.0
        ],
        "novelty": 0.9313655917812446
    },
    "run9": {
        "fitness": [
            4.5,
            14.0,
            7.200000000000001,
            6.0,
            4.0,
            2.6999999999999997,
            9.999999999999998,
            8.400000000000002,
            11.000000000000002,
            12.0,
            3.0,
            3.6000000000000005,
            2.181818181818182,
            2.1000000000000005,
            9.999999999999998,
            9.0,
            8.25,
            4.909090909090908,
            11.000000000000002,
            2.357142857142857
        ],
        "novelty": 0.9200536820088103
    }
}