{
    "run0": {
        "fitness": [
            0.9898839860043748,
            0.9950309180922365,
            0.9946260258399261,
            0.9893722111987967,
            0.9856861054056058,
            0.9655463344750581,
            0.9006373199085889,
            0.8920780203322307,
            0.8715991070389841,
            0.8650393632629025,
            0.7910742238285515,
            0.7892889314369422,
            0.7683813573648799,
            0.7486248150119159,
            0.7417353467305531,
            0.708761351325971,
            0.6889560055461152,
            0.677791173286115,
            0.6646213018062757,
            0.652066547001418,
            0.6455200324490177,
            0.6368570909902993,
            0.6270616426452233,
            0.6254251786601159,
            0.6239982077612234,
            0.616399800892601,
            0.6113876210677702,
            0.6093440948179638,
            0.5971002069287448,
            0.5882166978790051,
            0.5846354660777969,
            0.5738835043523932,
            0.5686778677673073,
            0.5432586816297955,
            0.542195646011195,
            0.5355819622606222,
            0.5349811733093394,
            0.533410814605785,
            0.5288768505828905,
            0.5255827379560732
        ],
        "novelty": 0.8870095512480608,
        "cross_stats": {
            "valid": 291,
            "invalid": 61
        },
        "mutation_stats": {
            "valid": 106,
            "invalid": 61
        },
        "exec_time": 7048.219851732254,
        "num_failures": 6
    },
    "run1": {
        "fitness": [
            0.9899808152737789,
            0.9999974374115579,
            0.9982771597226794,
            1.0,
            0.9995664929761964,
            0.9868228573267129,
            1.0,
            0.9795174540822823,
            0.9999881134033467,
            0.9982226424435329,
            0.9805103685896891,
            0.996715648752696,
            0.9998427595694509,
            0.999767742168024,
            0.9877630704672143,
            0.9824930867982565,
            0.9872403130350168,
            0.9136834648070323,
            0.8791504824846631,
            0.8418705935064511,
            0.8376617313555093,
            0.8333008775312534,
            0.8274557778046592,
            0.8260351947978217,
            0.8122082200467186,
            0.7521964973401754,
            0.7467258767678187,
            0.729990125548843,
            0.7279954020223689,
            0.7099121536521051,
            0.7039132900894015,
            0.6977263629603841,
            0.6944945925242407,
            0.6875245543262308,
            0.6808506521225495,
            0.6775151227220613,
            0.6716757927891766,
            0.6640607854143468,
            0.655259985354719,
            0.639589858693543
        ],
        "novelty": 0.879062536136188,
        "cross_stats": {
            "valid": 285,
            "invalid": 75
        },
        "mutation_stats": {
            "valid": 92,
            "invalid": 63
        },
        "exec_time": 7115.99679350853,
        "num_failures": 17
    },
    "run2": {
        "fitness": [
            0.993112168995497,
            0.9997044014155769,
            0.9894255195488519,
            0.9885250593193192,
            0.984180714552451,
            0.9454498928039365,
            0.937368000957699,
            0.9281932807055145,
            0.9159606268954622,
            0.9074055666901287,
            0.9061411428860678,
            0.9034867768068995,
            0.8927480949382979,
            0.8819632839806719,
            0.8704214523224763,
            0.8461434853983273,
            0.8394405740830042,
            0.8235854072462927,
            0.8173219816405268,
            0.7901518221542223,
            0.7896912839137333,
            0.7713462902828419,
            0.7649734850825929,
            0.7636564099554449,
            0.7230242415314592,
            0.7059407769451452,
            0.6873993001029302,
            0.6789820567349973,
            0.6751648471567231,
            0.67092473521873,
            0.667863162531181,
            0.6596871204232814,
            0.6528340361851414,
            0.6446666891206342,
            0.6429891439492039,
            0.6335095769234256,
            0.6143277380144614,
            0.613031993848846,
            0.6091012125607393,
            0.6050791118866716
        ],
        "novelty": 0.9006674252540573,
        "cross_stats": {
            "valid": 294,
            "invalid": 98
        },
        "mutation_stats": {
            "valid": 101,
            "invalid": 62
        },
        "exec_time": 7084.4933552742,
        "num_failures": 5
    },
    "run3": {
        "fitness": [
            0.9896490398770529,
            0.990439309423035,
            0.9756523387031503,
            0.9695582715619655,
            0.96206024039179,
            0.9577945662495562,
            0.9225420773618529,
            0.8691389906135485,
            0.8572542961128997,
            0.8511473483179042,
            0.8506021555712406,
            0.837529811509693,
            0.8250255442776542,
            0.8123837079551398,
            0.7872308388070547,
            0.7489476998035404,
            0.7404238420758695,
            0.7338958015627889,
            0.7305072267895324,
            0.7158444300388884,
            0.7151057515344477,
            0.711678743536948,
            0.7100051132820236,
            0.7098190983565953,
            0.6967833057119395,
            0.695672249370828,
            0.6937911053042315,
            0.6818246632763204,
            0.6789186518958878,
            0.678828411270524,
            0.6770020096392704,
            0.6763697385542669,
            0.6704149788115538,
            0.6658786342234615,
            0.6624727559129224,
            0.6600252801778734,
            0.6584521087594821,
            0.6558619256423635,
            0.6524623130202782,
            0.6500829967805891
        ],
        "novelty": 0.8780858922760283,
        "cross_stats": {
            "valid": 277,
            "invalid": 79
        },
        "mutation_stats": {
            "valid": 108,
            "invalid": 56
        },
        "exec_time": 7286.5467393398285,
        "num_failures": 6
    },
    "run4": {
        "fitness": [
            0.9849887878540823,
            0.9997085702197201,
            0.9799755569225864,
            0.985995687586414,
            0.9549707593539506,
            0.8987759064647804,
            0.8861810961048496,
            0.8819633262385814,
            0.88140051879361,
            0.8772472085462185,
            0.8747060484487676,
            0.8697640865019027,
            0.8665753745157792,
            0.8451213575330826,
            0.8323097310450392,
            0.8243423999063492,
            0.8185833294226372,
            0.8000537380907147,
            0.7975634999453525,
            0.7886366909375587,
            0.7834243851907863,
            0.7580104159987371,
            0.7512425420727751,
            0.7354720699216305,
            0.7350690485238482,
            0.7338096047651792,
            0.7255206447066453,
            0.723717191367953,
            0.7202488238447133,
            0.7097262730116449,
            0.7060657264211962,
            0.7030118260075844,
            0.6907055990697337,
            0.6849212751246729,
            0.6795896476710304,
            0.67176436302981,
            0.6717465668410797,
            0.6680316113443858,
            0.6669400396489555,
            0.6594504322958137
        ],
        "novelty": 0.885738648073943,
        "cross_stats": {
            "valid": 422,
            "invalid": 72
        },
        "mutation_stats": {
            "valid": 169,
            "invalid": 80
        },
        "exec_time": 9998.731765985489,