{
    "run0": {
        "fitness": [
            -0.026347867744386577,
            -0.5062354269910874,
            -0.2588712456413812,
            -0.10370976863643189,
            -0.3836404291298243,
            -0.5252696359523862,
            -0.4272969550691016,
            -0.8541940893050464,
            -0.11022199831177448,
            -0.02634869745984203,
            -0.1826335922973047,
            -0.4171606346802096,
            -0.04730054779918713,
            0,
            -0.3538886367512315,
            -0.1398172825499988,
            -0.2047224703703331,
            -0.2092160502424849,
            -0.39968366253408527,
            -0.053671885291275645,
            -0.8558371606621692,
            -0.0263541627896392,
            -0.11101188135683482,
            -0.40596811382113207,
            -0.19071347847946618,
            -0.05317205832153604,
            -0.02637614364695462,
            -0.26294981669000017,
            -0.12001372980414371,
            -0.31772690025253925
        ],
        "times": [
            0.024704694747924805,
            0.03500652313232422,
            0.03605365753173828,
            0.02700328826904297,
            0.021004438400268555,
            0.013598203659057617,
            0.033280134201049805,
            0.00614619255065918,
            0.004172325134277344,
            0.004186868667602539,
            0.02700519561767578,
            0.027004003524780273,
            0.04200625419616699,
            0.08356237411499023,
            0.018937110900878906,
            0.07202529907226562,
            0.03300809860229492,
            0.01700139045715332,
            0.01655411720275879,
            0.028131723403930664,
            0.016001462936401367,
            0.01600193977355957,
            0.06469988822937012,
            0.015001773834228516,
            0.04600834846496582,
            0.0179903507232666,
            0.007914304733276367,
            0.010000944137573242,
            0.006987571716308594,
            0.017564773559570312
        ],
        "novelty": 0.9571375077697816
    },
    "run1": {
        "fitness": [
            -0.4497142976813955,
            -0.7434984929711514,
            -0.026357289549295726,
            -0.027222509592838118,
            -0.652212405778632,
            -0.15570301085169425,
            -0.026397459731822503,
            -0.9568095770703494,
            0,
            -0.11438627626612285,
            -0.28626186952764576,
            -0.026388395046441082,
            -0.09593147964373105,
            -0.026387560800541388,
            -0.4294163560572267,
            -0.026567203364036063,
            0,
            -0.3444556722098051,
            -0.13121695985661075,
            -0.6512513939206004,
            -0.026372956099499523,
            -0.403059044990294,
            -0.7404500800159324,
            -0.034000636750254554,
            -0.02681421053068278,
            -0.026394571892153884,
            -0.12525028486746492,
            -0.23275311730934223,
            -0.026373262959345167,
            -0.02638901577472641
        ],
        "times": [
            0.05614042282104492,
            0.021002769470214844,
            0.037882089614868164,
            0.004086971282958984,
            0.014002799987792969,
            0.013002872467041016,
            0.011002063751220703,
            0.05901694297790527,
            0.026005029678344727,
            0.024004220962524414,
            0.015003204345703125,
            0.023007631301879883,
            0.04000735282897949,
            0.0022869110107421875,
            0.08071351051330566,
            0.03500866889953613,
            0.03400564193725586,
            0.0025415420532226562,
            0.013129711151123047,
            0.0470128059387207,
            0.023006200790405273,
            0.015000104904174805,
            0.02998948097229004,
            0.024003982543945312,
            0.008011817932128906,
            0.0800175666809082,
            0.0459752082824707,
            0.02300429344177246,
            0.027198314666748047,
            0.013000011444091797
        ],
        "novelty": 0.9489659325585991
    },
    "run2": {
        "fitness": [
            -0.056688854127182386,
            -0.08184940424999676,
            -0.2874808178148931,
            0,
            -0.10672386599639261,
            -0.9223666490818997,
            -0.22311324795073828,
            -0.5505032634923033,
            -0.02656230170043028,
            -0.33016063939551943,
            0,
            0,
            -0.2760421420027124,
            -0.08830786440972493,
            -0.46950120321969924,
            -0.13779323277778055,
            -0.0263830891438549,
            -0.0890190890821766,
            -0.21084697719689371,
            -0.15447129838580886,
            -0.1381278207543306,
            -0.02643540103119635,
            0,
            -0.26336664929337594,
            -0.22055326076358217,
            -0.02640128532343855,
            -0.4891986881125865,
            -0.2886717266493254,
            -0.1278337682586329,
            -0.5356070027091209
        ],
        "times": [
            0.007368564605712891,
            0.027005910873413086,
            0.017001628875732422,
            0.0310060977935791,
            0.06501364707946777,
            0.030219554901123047,
            0.04896712303161621,
            0.033006906509399414,
            0.03700709342956543,
            0.09102177619934082,
            0.030003786087036133,
            0.03700685501098633,
            0.02235245704650879,
            0.020211458206176758,
            0.03000497817993164,
            0.025003433227539062,
            0.012999773025512695,
            0.010000467300415039,
            0.026004552841186523,
            0.01800370216369629,
            0.028021812438964844,
            0.015002727508544922,
            0.016002893447875977,
            0.01300191879272461,
            0.014001607894897461,
            0.021035432815551758,
            0.02120804786682129,
            0.01951885223388672,
            0.028442859649658203,
            0.02500605583190918
        ],
        "novelty": 0.9467566088969479
    }
}